id,name,phone,source
1,Sohail,0345-1965005,whatsapp
2,Shumila,0347-2392672,instagram
3,Mahnoor,0333-2654819,whatsapp
4,Sidra,0311-5673249,instagram
5,Farheen,0333-2314562,whatsapp
6,Ayesha,0300-3812945,instagram
7,Zainab,0321-7654321,whatsapp
8,Hira,0312-4561237,walkin
9,Nida,0333-9876543,instagram
10,Amna,0345-6543219,whatsapp
11,Fatima,0300-1122334,instagram
12,Sara,0321-5544332,whatsapp
13,Maryam,0311-8899001,instagram
14,Rabia,0333-7766554,whatsapp
15,Asma,0345-2233445,walkin
16,Usman,0300-3344556,whatsapp
17,Bilal,0321-4455667,instagram
18,Kamran,0312-5566778,whatsapp
19,Hamza,0333-6677889,walkin
20,Ahmed,0345-7788990,whatsapp
21,Imran,0300-8899001,instagram
22,Tariq,0321-9900112,whatsapp
23,Waqar,0312-0011223,instagram
24,Adeel,0333-1122334,whatsapp
25,Naeem,0345-2233445,walkin
26,Sana,0300-3344556,instagram
27,Hina,0321-4455667,whatsapp
28,Nadia,0312-5566778,instagram
29,Saira,0333-6677889,whatsapp
30,Uzma,0345-7788990,walkin
31,Kiran,0300-8899112,whatsapp
32,Shazia,0321-9900223,instagram
33,Bushra,0312-0011334,whatsapp
34,Lubna,0333-1122445,instagram
35,Mariam,0345-2233556,whatsapp
36,Rizwan,0300-3344667,instagram
37,Faisal,0321-4455778,whatsapp
38,Shahid,0312-5566889,walkin
39,Junaid,0333-6677990,whatsapp
40,Waseem,0345-7788001,instagram
41,Zahid,0300-8899112,whatsapp
42,Asif,0321-9900223,instagram
43,Omer,0312-0011334,whatsapp
44,Danish,0333-1122445,walkin
45,Muneeb,0345-2233556,whatsapp
46,Shiza,0300-3344667,instagram
47,Tooba,0321-4455778,whatsapp
48,Alina,0312-5566889,instagram
49,Maham,0333-6677990,whatsapp
50,Iqra,0345-7788001,instagram
